<application>
  <component name="TodoConfiguration">
    <multiLine>false</multiLine>
    <pattern pattern="\b(todo|fixme)\b.*" />
    <pattern useCustomColors="true" pattern=".*---$">
      <option name="FOREGROUND" value="bac029" />
      <option name="FONT_TYPE" value="2" />
      <option name="ERROR_STRIPE_COLOR" value="977ab" />
    </pattern>
    <pattern useCustomColors="true" pattern=".*--~$">
      <option name="FOREGROUND" value="77c031" />
      <option name="FONT_TYPE" value="2" />
      <option name="ERROR_STRIPE_COLOR" value="977ab" />
    </pattern>
    <pattern useCustomColors="true" pattern=".*~--$">
      <option name="FOREGROUND" value="c06c48" />
      <option name="FONT_TYPE" value="2" />
      <option name="ERROR_STRIPE_COLOR" value="977ab" />
    </pattern>
    <pattern useCustomColors="true" pattern=".*~~~$">
      <option name="FOREGROUND" value="d1d1ce" />
      <option name="FONT_TYPE" value="2" />
      <option name="ERROR_STRIPE_COLOR" value="977ab" />
    </pattern>
  </component>
</application>